o	the	1000_o.mp3
de	from	1000_de.mp3
e	and	1000_e.mp3
que	what	1000_que.mp3
ser	to be	1000_ser.mp3
um	one	1000_um.mp3
em	in	1000_em.mp3
para	for	1000_para.mp3
com	with	1000_com.mp3
a	to	1000_a.mp3
ter	to have	1000_ter.mp3
não	not	1000_não.mp3
por	by	1000_por.mp3
seu	yours	1000_seu.mp3
se	if	1000_se.mp3
mais	more	1000_mais.mp3
estar	to be	1000_estar.mp3
como	as	1000_como.mp3
este	this	1000_este.mp3
poder	can	1000_poder.mp3
ou	or	1000_ou.mp3
todo	all	1000_todo.mp3
ano	year	1000_ano.mp3
fazer	to do	1000_fazer.mp3
mas	but	1000_mas.mp3
ir	to go	1000_ir.mp3
muito	very much	1000_muito.mp3
também	also	1000_também.mp3
outro	other	1000_outro.mp3
ele	he	1000_ele.mp3
já	already	1000_já.mp3
dia	day	1000_dia.mp3
novo	new	1000_novo.mp3
haver	to have	1000_haver.mp3
grande	great	1000_grande.mp3
ainda	still	1000_ainda.mp3
sobre	on	1000_sobre.mp3
até	until	1000_até.mp3
dizer	to say	1000_dizer.mp3
mesmo	same	1000_mesmo.mp3
pessoa	person	1000_pessoa.mp3
entre	among, between	1000_entre.mp3
dever	should	1000_dever.mp3
esse	that	1000_esse.mp3
nosso	our	1000_nosso.mp3
caso	case	1000_caso.mp3
eu	I	1000_eu.mp3
dois	two	1000_dois.mp3
bom	good	1000_bom.mp3
dar	to give	1000_dar.mp3
algum	some	1000_algum.mp3
forma	form	1000_forma.mp3
segundo	second	1000_segundo.mp3
vez	time	1000_vez.mp3
empresa	company	1000_empresa.mp3
primeiro	first	1000_primeiro.mp3
sem	without	1000_sem.mp3
quando	when	1000_quando.mp3
Portugal	Portugal	1000_Portugal.mp3
isso	that	1000_isso.mp3
país	country	1000_país.mp3
tempo	time	1000_tempo.mp3
bem	well	1000_bem.mp3
só	only	1000_só.mp3
serviço	service	1000_serviço.mp3
ficar	stay	1000_ficar.mp3
nós	we	1000_nós.mp3
querer	to want	1000_querer.mp3
trabalho	job	1000_trabalho.mp3
público	public	1000_público.mp3
onde	where	1000_onde.mp3
estado	state	1000_estado.mp3
parte	part	1000_parte.mp3
assim	thus	1000_assim.mp3
desde	since	1000_desde.mp3
passar	to pass	1000_passar.mp3
cada	each	1000_cada.mp3
informação	information	1000_informação.mp3
último	last	1000_último.mp3
sempre	always	1000_sempre.mp3
hoje	today	1000_hoje.mp3
depois	later	1000_depois.mp3
presidente	president	1000_presidente.mp3
durante	during	1000_durante.mp3
vida	life	1000_vida.mp3
área	area	1000_área.mp3
apresentar	to introduce	1000_apresentar.mp3
porque	because	1000_porque.mp3
ver	to see	1000_ver.mp3
social	social	1000_social.mp3
apenas	only	1000_apenas.mp3
quem	who	1000_quem.mp3
qualquer	any	1000_qualquer.mp3
além	beyond	1000_além.mp3
qual	which	1000_qual.mp3
mês	month	1000_mês.mp3
após	after	1000_após.mp3
chegar	to arrive	1000_chegar.mp3
meu	mine	1000_meu.mp3
saber	to know	1000_saber.mp3
milhão	million	1000_milhão.mp3
vir	to come	1000_vir.mp3
realizar	perform	1000_realizar.mp3
número	number	1000_número.mp3
receber	to receive	1000_receber.mp3
momento	moment	1000_momento.mp3
cidade	city	1000_cidade.mp3
casa	house	1000_casa.mp3
português	Portuguese	1000_português.mp3
permitir	to allow	1000_permitir.mp3
Lisboa	Lisbon	1000_Lisboa.mp3
valor	value	1000_valor.mp3
acordo	agreement	1000_acordo.mp3
local	location	1000_local.mp3
agora	now	1000_agora.mp3
afirmar	assert	1000_afirmar.mp3
mil	thousand	1000_mil.mp3
três	three	1000_três.mp3
processo	process	1000_processo.mp3
medida	measure	1000_medida.mp3
mundo	world	1000_mundo.mp3
encontrar	to meet	1000_encontrar.mp3
tudo	everything	1000_tudo.mp3
através	through	1000_através.mp3
pouco	little	1000_pouco.mp3
próximo	next	1000_próximo.mp3
pequeno	small	1000_pequeno.mp3
situação	situation	1000_situação.mp3
Brasil	Brazil	1000_Brasil.mp3
sistema	system	1000_sistema.mp3
deixar	to leave	1000_deixar.mp3
criar	to create	1000_criar.mp3
contar	to tell	1000_contar.mp3
final	final	1000_final.mp3
dado	given	1000_dado.mp3
nível	level	1000_nível.mp3
meio	middle	1000_meio.mp3
São	São	1000_São.mp3
pandemia	pandemic	1000_pandemia.mp3
contra	against	1000_contra.mp3
possível	possible	1000_possível.mp3
grupo	group	1000_grupo.mp3
mercado	market	1000_mercado.mp3
ela	she	1000_ela.mp3
levar	to take	1000_levar.mp3
governo	government	1000_governo.mp3
saúde	health	1000_saúde.mp3
resultado	result	1000_resultado.mp3
semana	week	1000_semana.mp3
começar	to start	1000_começar.mp3
espaço	space	1000_espaço.mp3
conseguir	to get	1000_conseguir.mp3
nem	nor	1000_nem.mp3
ponto	point	1000_ponto.mp3
importante	important	1000_importante.mp3
produto	product	1000_produto.mp3
partir	leave	1000_partir.mp3
continuar	to continue	1000_continuar.mp3
direito	right	1000_direito.mp3
nacional	national	1000_nacional.mp3
próprio	own	1000_próprio.mp3
falar	to speak	1000_falar.mp3
rede	network	1000_rede.mp3
hora	hour	1000_hora.mp3
eles	they	1000_eles.mp3
programa	program	1000_programa.mp3
antes	before	1000_antes.mp3
cerca	around	1000_cerca.mp3
relação	relationship	1000_relação.mp3
profissional	professional	1000_profissional.mp3
região	region	1000_região.mp3
menos	less	1000_menos.mp3
utilizar	to use	1000_utilizar.mp3
jogo	game	1000_jogo.mp3
família	family	1000_família.mp3
lugar	place	1000_lugar.mp3
fim	end	1000_fim.mp3
considerar	to consider	1000_considerar.mp3
Paulo	Paul	1000_Paulo.mp3
acontecer	to happen	1000_acontecer.mp3
existir	to exist	1000_existir.mp3
aqui	here	1000_aqui.mp3
conta	account	1000_conta.mp3
Saúde	health	1000_saúde.mp3
projecto	project	1000_projecto.mp3
problema	problem	1000_problema.mp3
período	period	1000_período.mp3
conhecer	to meet	1000_conhecer.mp3
necessário	necessary	1000_necessário.mp3
usar	to use	1000_usar.mp3
apoio	support	1000_apoio.mp3
principal	main	1000_principal.mp3
precisar	to need	1000_precisar.mp3
seguir	to follow	1000_seguir.mp3
acesso	access	1000_acesso.mp3
equipa	team	1000_equipa.mp3
criança	child	1000_criança.mp3
disponível	available	1000_disponível.mp3
exemplo	example	1000_exemplo.mp3
cliente	customer	1000_cliente.mp3
longo	long	1000_longo.mp3
decisão	decision	1000_decisão.mp3
trabalhar	to work	1000_trabalhar.mp3
coisa	thing	1000_coisa.mp3
manter	to maintain	1000_manter.mp3
projeto	project	1000_projeto.mp3
desenvolver	to develop	1000_desenvolver.mp3
lado	side	1000_lado.mp3
população	population	1000_população.mp3
passado	past	1000_passado.mp3
tipo	type	1000_tipo.mp3
condição	condition	1000_condição.mp3
ação	action	1000_ação.mp3
tanto	so much	1000_tanto.mp3
solução	solution	1000_solução.mp3
presente	present	1000_presente.mp3
desenvolvimento	development	1000_desenvolvimento.mp3
incluir	to include	1000_incluir.mp3
alto	high	1000_alto.mp3
mulher	woman	1000_mulher.mp3
voltar	to come back	1000_voltar.mp3
garantir	to guarantee	1000_garantir.mp3
necessidade	need	1000_necessidade.mp3
obra	work	1000_obra.mp3
estudo	study	1000_estudo.mp3
segurança	safety	1000_segurança.mp3
ajudar	to help	1000_ajudar.mp3
tal	such	1000_tal.mp3
jovem	young	1000_jovem.mp3
você	you	1000_você.mp3
município	county	1000_município.mp3
início	beginning	1000_início.mp3
homem	man	1000_homem.mp3
abrir	to open	1000_abrir.mp3
qualidade	quality	1000_qualidade.mp3
questão	question	1000_questão.mp3
enquanto	while	1000_enquanto.mp3
euro	euro	1000_euro.mp3
então	then	1000_então.mp3
actividade	activity	1000_actividade.mp3
viver	to live	1000_viver.mp3
história	history	1000_história.mp3
formação	formation	1000_formação.mp3
aluno	student	1000_aluno.mp3
vários	several	1000_vários.mp3
ideia	idea	1000_ideia.mp3
risco	risk	1000_risco.mp3
mostrar	to show	1000_mostrar.mp3
escola	school	1000_escola.mp3
entrar	enter	1000_entrar.mp3
pensar	to think	1000_pensar.mp3
recurso	resource	1000_recurso.mp3
total	total	1000_total.mp3
quatro	four	1000_quatro.mp3
gestão	management	1000_gestão.mp3
colocar	to put	1000_colocar.mp3
site	site	1000_site.mp3
político	political	1000_político.mp3
doença	disease	1000_doença.mp3
nunca	never	1000_nunca.mp3
internacional	international	1000_internacional.mp3
nome	name	1000_nome.mp3
água	water	1000_água.mp3
morte	death	1000_morte.mp3
explicar	to explain	1000_explicar.mp3
quanto	how much	1000_quanto.mp3
técnico	technical	1000_técnico.mp3
isto	this	1000_isto.mp3
responsável	responsible	1000_responsável.mp3
base	base	1000_base.mp3
utilização	use	1000_utilização.mp3
Porto	Porto	1000_Porto.mp3
instituição	institution	1000_instituição.mp3
tão	so	1000_tão.mp3
artigo	article	1000_artigo.mp3
atividade	activity	1000_atividade.mp3
confirmar	to confirm	1000_confirmar.mp3
pois	because	1000_pois.mp3
tomar	to take	1000_tomar.mp3
negócio	business	1000_negócio.mp3
Rio	Rio	1000_Rio.mp3
experiência	experience	1000_experiência.mp3
único	unique	1000_único.mp3
quase	almost	1000_quase.mp3
função	function	1000_função.mp3
entanto	however	1000_entanto.mp3
gente	people	1000_gente.mp3
acabar	to finish	1000_acabar.mp3
informar	to inform	1000_informar.mp3
produção	production	1000_produção.mp3
conjunto	set	1000_conjunto.mp3
zona	zone	1000_zona.mp3
ocorrer	to occur	1000_ocorrer.mp3
apesar	despite	1000_apesar.mp3
várias	several	1000_várias.mp3
iniciativa	initiative	1000_iniciativa.mp3
aumentar	to increase	1000_aumentar.mp3
unidade	unity	1000_unidade.mp3
futuro	future	1000_futuro.mp3
pretender	intend	1000_pretender.mp3
objectivo	aim	1000_objectivo.mp3
organização	organization	1000_organização.mp3
utilizador	user	1000_utilizador.mp3
brasileiro	Brazilian	1000_brasileiro.mp3
novembro	November	1000_novembro.mp3
preço	price	1000_preço.mp3
referir	to refer	1000_referir.mp3
pedir	ask	1000_pedir.mp3
junto	together	1000_junto.mp3
tentar	to try	1000_tentar.mp3
dentro	inside	1000_dentro.mp3
diferente	different	1000_diferente.mp3
aquele	that	1000_aquele.mp3
proposta	proposal	1000_proposta.mp3
nada	nothing	1000_nada.mp3
divulgar	to spread	1000_divulgar.mp3
médico	doctor	1000_médico.mp3
evento	event	1000_evento.mp3
cinco	five	1000_cinco.mp3
uma	one	1000_uma.mp3
perder	to lose	1000_perder.mp3
parecer	to seem	1000_parecer.mp3
efeito	effect	1000_efeito.mp3
sentido	sense	1000_sentido.mp3
sair	to exit	1000_sair.mp3
livro	book	1000_livro.mp3
investigação	investigation	1000_investigação.mp3
imagem	image	1000_imagem.mp3
João	John	1000_João.mp3
devido	due	1000_devido.mp3
equipe	team	1000_equipe.mp3
esperar	to wait	1000_esperar.mp3
financeiro	financial	1000_financeiro.mp3
centro	center	1000_centro.mp3
plano	plan	1000_plano.mp3
causa	cause	1000_causa.mp3
resposta	answer	1000_resposta.mp3
modo	mode	1000_modo.mp3
aumento	increase	1000_aumento.mp3
tornar	to become	1000_tornar.mp3
anterior	previous	1000_anterior.mp3
fase	phase	1000_fase.mp3
publicar	to publish	1000_publicar.mp3
capacidade	capacity	1000_capacidade.mp3
prazo	deadline	1000_prazo.mp3
equipamento	equipment	1000_equipamento.mp3
nenhum	none	1000_nenhum.mp3
procurar	look for	1000_procurar.mp3
participar	to participate	1000_participar.mp3
obter	to get	1000_obter.mp3
representar	to represent	1000_representar.mp3
oportunidade	opportunity	1000_oportunidade.mp3
ganhar	to win	1000_ganhar.mp3
modelo	model	1000_modelo.mp3
especial	special	1000_especial.mp3
anunciar	to announce	1000_anunciar.mp3
março	March	1000_março.mp3
política	politics	1000_política.mp3
edição	edition	1000_edição.mp3
facto	fact	1000_facto.mp3
documento	document	1000_documento.mp3
outubro	October	1000_outubro.mp3
marca	brand	1000_marca.mp3
taxa	rate	1000_taxa.mp3
venda	sale	1000_venda.mp3
pessoal	personal	1000_pessoal.mp3
tema	theme	1000_tema.mp3
entidade	entity	1000_entidade.mp3
prever	to predict	1000_prever.mp3
objetivo	objective	1000_objetivo.mp3
pagar	to pay	1000_pagar.mp3
investimento	investment	1000_investimento.mp3
ministro	minister	1000_ministro.mp3
linha	line	1000_linha.mp3
alteração	alteration	1000_alteração.mp3
atingir	to reach	1000_atingir.mp3
frente	front	1000_frente.mp3
junho	June	1000_junho.mp3
lei	law	1000_lei.mp3
filho	son	1000_filho.mp3
economia	economy	1000_economia.mp3
aplicação	application	1000_aplicação.mp3
pagamento	payment	1000_pagamento.mp3
crise	crisis	1000_crise.mp3
conhecimento	knowledge	1000_conhecimento.mp3
noite	night	1000_noite.mp3
Europa	Europe	1000_Europa.mp3
registrar	to register	1000_registrar.mp3
fora	outside	1000_fora.mp3
geral	general	1000_geral.mp3
data	date	1000_data.mp3
curso	course	1000_curso.mp3
José	Joseph	1000_José.mp3
decorrer	to elapse	1000_decorrer.mp3
evitar	to avoid	1000_evitar.mp3
vítima	victim	1000_vítima.mp3
pedido	order	1000_pedido.mp3
comunicação	communication	1000_comunicação.mp3
sociedade	society	1000_sociedade.mp3
prática	practice	1000_prática.mp3
setembro	September	1000_setembro.mp3
uso	use	1000_uso.mp3
professor	teacher	1000_professor.mp3
promover	to promote	1000_promover.mp3
membro	member	1000_membro.mp3
domingo	Sunday	1000_domingo.mp3
marcar	to mark	1000_marcar.mp3
indicar	to indicate	1000_indicar.mp3
tratar	treat	1000_tratar.mp3
capital	capital	1000_capital.mp3
achar	to find	1000_achar.mp3
concelho	county	1000_concelho.mp3
clube	club	1000_clube.mp3
antigo	old	1000_antigo.mp3
económico	economic	1000_económico.mp3
integrar	integrate	1000_integrar.mp3
campanha	campaign	1000_campanha.mp3
forte	strong	1000_forte.mp3
pai	father	1000_pai.mp3
cujo	whose	1000_cujo.mp3
prova	test	1000_prova.mp3
abril	April	1000_abril.mp3
destacar	to highlight	1000_destacar.mp3
chamar	to call	1000_chamar.mp3
sessão	session	1000_sessão.mp3
conteúdo	content	1000_conteúdo.mp3
europeu	European	1000_europeu.mp3
comunidade	community	1000_comunidade.mp3
custo	cost	1000_custo.mp3
elemento	element	1000_elemento.mp3
jogador	player	1000_jogador.mp3
determinar	to determine	1000_determinar.mp3
contrato	contract	1000_contrato.mp3
papel	paper	1000_papel.mp3
lá	there	1000_lá.mp3
candidato	candidate	1000_candidato.mp3
sábado	Saturday	1000_sábado.mp3
acção	action	1000_acção.mp3
paciente	patient	1000_paciente.mp3
positivo	positive	1000_positivo.mp3
maio	May	1000_maio.mp3
interesse	interest	1000_interesse.mp3
oferecer	to offer	1000_oferecer.mp3
operação	operation	1000_operação.mp3
ambiente	environment	1000_ambiente.mp3
participação	participation	1000_participação.mp3
dezembro	December	1000_dezembro.mp3
construção	construction	1000_construção.mp3
decidir	to decide	1000_decidir.mp3
veículo	vehicle	1000_veículo.mp3
julho	July	1000_julho.mp3
diversos	miscellaneous	1000_diversos.mp3
ensino	teaching	1000_ensino.mp3
acompanhar	to accompany	1000_acompanhar.mp3
intervenção	intervention	1000_intervenção.mp3
mão	hand	1000_mão.mp3
energia	energy	1000_energia.mp3
razão	reason	1000_razão.mp3
presença	presence	1000_presença.mp3
maioria	majority	1000_maioria.mp3
sentir	to feel	1000_sentir.mp3
trabalhador	worker	1000_trabalhador.mp3
revelar	to reveal	1000_revelar.mp3
humano	human	1000_humano.mp3
século	century	1000_século.mp3
âmbito	scope	1000_âmbito.mp3
prefeito	mayor	1000_prefeito.mp3
fundo	background	1000_fundo.mp3
possibilidade	possibility	1000_possibilidade.mp3
reduzir	to reduce	1000_reduzir.mp3
dinheiro	money	1000_dinheiro.mp3
página	page	1000_página.mp3
janeiro	January	1000_janeiro.mp3
teste	test	1000_teste.mp3
tarde	afternoon	1000_tarde.mp3
terceiro	third	1000_terceiro.mp3
acreditar	believe	1000_acreditar.mp3
aprovar	to approve	1000_aprovar.mp3
claro	of course	1000_claro.mp3
certo	right	1000_certo.mp3
iniciar	to start	1000_iniciar.mp3
tratamento	treatment	1000_tratamento.mp3
volta	return	1000_volta.mp3
surgir	to emerge	1000_surgir.mp3
responder	to answer	1000_responder.mp3
sob	under	1000_sob.mp3
seis	six	1000_seis.mp3
gostar	to like	1000_gostar.mp3
força	force	1000_força.mp3
crescimento	growth	1000_crescimento.mp3
série	series	1000_série.mp3
análise	analysis	1000_análise.mp3
mudar	to change	1000_mudar.mp3
amigo	friend	1000_amigo.mp3
texto	text	1000_texto.mp3
rua	road	1000_rua.mp3
palavra	word	1000_palavra.mp3
reunião	meeting	1000_reunião.mp3
definir	to define	1000_definir.mp3
altura	height	1000_altura.mp3
contribuir	to contribute	1000_contribuir.mp3
caminho	way	1000_caminho.mp3
minuto	minute	1000_minuto.mp3
opção	option	1000_opção.mp3
Câmara	Chamber	1000_Câmara.mp3
crime	crime	1000_crime.mp3
mudança	change	1000_mudança.mp3
difícil	difficult	1000_difícil.mp3
defender	to defend	1000_defender.mp3
lançar	to throw	1000_lançar.mp3
criação	creation	1000_criação.mp3
dificuldade	difficulty	1000_dificuldade.mp3
enviar	send	1000_enviar.mp3
embora	although	1000_embora.mp3
eleição	election	1000_eleição.mp3
baixo	low	1000_baixo.mp3
sector	sector	1000_sector.mp3
regra	rule	1000_regra.mp3
importância	importance	1000_importância.mp3
constituir	to constitute	1000_constituir.mp3
natural	natural	1000_natural.mp3
entrada	entry	1000_entrada.mp3
funcionar	to work	1000_funcionar.mp3
mensagem	message	1000_mensagem.mp3
produzir	to produce	1000_produzir.mp3
identificar	to identify	1000_identificar.mp3
época	season	1000_época.mp3
seguinte	following	1000_seguinte.mp3
tecnologia	technology	1000_tecnologia.mp3
Deus	God	1000_Deus.mp3
corpo	body	1000_corpo.mp3
algo	something	1000_algo.mp3
sucesso	success	1000_sucesso.mp3
hospital	hospital	1000_hospital.mp3
desafio	challenge	1000_desafio.mp3
apontar	to point out	1000_apontar.mp3
associação	association	1000_associação.mp3
envolver	to involve	1000_envolver.mp3
setor	sector	1000_setor.mp3
atendimento	attendance	1000_atendimento.mp3
apoiar	to support	1000_apoiar.mp3
autoridade	authority	1000_autoridade.mp3
realidade	reality	1000_realidade.mp3
trazer	to bring	1000_trazer.mp3
fechar	to close	1000_fechar.mp3
encontro	meeting	1000_encontro.mp3
preciso	accurate	1000_preciso.mp3
Maria	Mary	1000_Maria.mp3
falta	lack	1000_falta.mp3
sofrer	to suffer	1000_sofrer.mp3
assumir	to assume	1000_assumir.mp3
policial	the police	1000_policial.mp3
transporte	transport	1000_transporte.mp3
escolher	to choose	1000_escolher.mp3
elevar	to raise	1000_elevar.mp3
campo	field	1000_campo.mp3
fonte	source	1000_fonte.mp3
organizar	to organize	1000_organizar.mp3
avaliação	evaluation	1000_avaliação.mp3
logo	soon	1000_logo.mp3
cumprir	to fulfill	1000_cumprir.mp3
escrever	to write	1000_escrever.mp3
vista	view	1000_vista.mp3
porta	door	1000_porta.mp3
partido	party	1000_partido.mp3
instalação	installation	1000_instalação.mp3
crescer	to grow up	1000_crescer.mp3
referência	reference	1000_referência.mp3
estratégia	strategy	1000_estratégia.mp3
entregar	to deliver	1000_entregar.mp3
título	title	1000_título.mp3
registar	to register	1000_registar.mp3
termo	term	1000_termo.mp3
visita	visit	1000_visita.mp3
nota	note	1000_nota.mp3
responsabilidade	responsibility	1000_responsabilidade.mp3
aplicar	to apply	1000_aplicar.mp3
estrutura	structure	1000_estrutura.mp3
comercial	commercial	1000_comercial.mp3
contexto	context	1000_contexto.mp3
prémio	prize	1000_prémio.mp3
disponibilizar	make available	1000_disponibilizar.mp3
vídeo	video	1000_vídeo.mp3
apresentação	presentation	1000_apresentação.mp3
deputado	deputy	1000_deputado.mp3
sim	yes	1000_sim.mp3
oficial	official	1000_oficial.mp3
morrer	to die	1000_morrer.mp3
verdade	truth	1000_verdade.mp3
servir	to serve	1000_servir.mp3
atenção	attention	1000_atenção.mp3
fácil	easy	1000_fácil.mp3
simples	simple	1000_simples.mp3
voto	vote	1000_voto.mp3
diferentes	different	1000_diferentes.mp3
material	material	1000_material.mp3
Santa	Saint	1000_Santa.mp3
edifício	building	1000_edifício.mp3
território	territory	1000_território.mp3
música	music	1000_música.mp3
terminar	to finish	1000_terminar.mp3
estudante	student	1000_estudante.mp3
compra	purchase	1000_compra.mp3
entender	to understand	1000_entender.mp3
prefeitura	prefecture	1000_prefeitura.mp3
viagem	travel	1000_viagem.mp3
vírus	virus	1000_vírus.mp3
fundamental	fundamental	1000_fundamental.mp3
particular	private	1000_particular.mp3
estabelecer	to establish	1000_estabelecer.mp3
privado	private	1000_privado.mp3
Coimbra	Coimbra	1000_Coimbra.mp3
atual	current	1000_atual.mp3
Silva	Silva	1000_Silva.mp3
bastante	enough	1000_bastante.mp3
emprego	job	1000_emprego.mp3
ligar	to call	1000_ligar.mp3
cidadão	citizen	1000_cidadão.mp3
registo	registration	1000_registo.mp3
municipal	municipal	1000_municipal.mp3
plataforma	platform	1000_plataforma.mp3
impacto	impact	1000_impacto.mp3
interior	interior	1000_interior.mp3
gerar	to generate	1000_gerar.mp3
Santos	Santos	1000_Santos.mp3
cuidado	caution	1000_cuidado.mp3
oferta	offer	1000_oferta.mp3
médio	medium	1000_médio.mp3
preparar	to prepare	1000_preparar.mp3
essencial	essential	1000_essencial.mp3
contacto	contact	1000_contacto.mp3
posição	position	1000_posição.mp3
carro	car	1000_carro.mp3
reconhecer	to recognize	1000_reconhecer.mp3
movimento	movement	1000_movimento.mp3
ouvir	to hear	1000_ouvir.mp3
educação	education	1000_educação.mp3
global	global	1000_global.mp3
redução	reduction	1000_redução.mp3
olhar	to look	1000_olhar.mp3
dúvida	doubt	1000_dúvida.mp3
seguro	safe	1000_seguro.mp3
comum	common	1000_comum.mp3
vencer	to win	1000_vencer.mp3
idade	age	1000_idade.mp3
isolamento	isolation	1000_isolamento.mp3
cultura	culture	1000_cultura.mp3
possuir	to possess	1000_possuir.mp3
militar	military	1000_militar.mp3
parceria	partnership	1000_parceria.mp3
agosto	August	1000_agosto.mp3
Pedro	Peter	1000_Pedro.mp3
banco	bank	1000_banco.mp3
pesquisa	research	1000_pesquisa.mp3
órgão	organ	1000_órgão.mp3
causar	to cause	1000_causar.mp3
fevereiro	February	1000_fevereiro.mp3
manhã	morning	1000_manhã.mp3
reforçar	to reinforce	1000_reforçar.mp3
ligação	link	1000_ligação.mp3
líder	leader	1000_líder.mp3
lembrar	to remember	1000_lembrar.mp3
prestar	give	1000_prestar.mp3
exposição	exhibition	1000_exposição.mp3
ninguém	nobody	1000_ninguém.mp3
consumo	consumption	1000_consumo.mp3
avaliar	to evaluate	1000_avaliar.mp3
científico	scientific	1000_científico.mp3
rápido	fast	1000_rápido.mp3
lista	list	1000_lista.mp3
estrangeiro	foreign	1000_estrangeiro.mp3
bairro	neighborhood	1000_bairro.mp3
cair	to fall	1000_cair.mp3
sobretudo	above all	1000_sobretudo.mp3
histórico	historical	1000_histórico.mp3
terra	land	1000_terra.mp3
controlo	control	1000_controlo.mp3
ontem	yesterday	1000_ontem.mp3
futebol	football	1000_futebol.mp3
digital	digital	1000_digital.mp3
real	real	1000_real.mp3
cargo	office	1000_cargo.mp3
melhorar	to improve	1000_melhorar.mp3
atender	to answer	1000_atender.mp3
avançar	to advance	1000_avançar.mp3
defesa	defence	1000_defesa.mp3
específico	specific	1000_específico.mp3
físico	physical	1000_físico.mp3
mãe	mother	1000_mãe.mp3
suspeito	suspect	1000_suspeito.mp3
acrescentar	add	1000_acrescentar.mp3
recente	recent	1000_recente.mp3
realização	realization	1000_realização.mp3
porém	but	1000_porém.mp3
termos	terms	1000_termos.mp3
origem	origin	1000_origem.mp3
cultural	cultural	1000_cultural.mp3
fato	fact	1000_fato.mp3
governador	governor	1000_governador.mp3
respeito	respect	1000_respeito.mp3
contudo	however	1000_contudo.mp3
analisar	to analyze	1000_analisar.mp3
autor	author	1000_autor.mp3
familiar	familiar	1000_familiar.mp3
arte	art	1000_arte.mp3
exigir	to require	1000_exigir.mp3
leitura	reading	1000_leitura.mp3
face	face	1000_face.mp3
regime	regime	1000_regime.mp3
maneira	manner	1000_maneira.mp3
princípio	principle	1000_princípio.mp3
ordem	order	1000_ordem.mp3
Carlos	Carlos	1000_Carlos.mp3
entrevista	interview	1000_entrevista.mp3
construir	build	1000_construir.mp3
assegurar	to ensure	1000_assegurar.mp3
filme	movie	1000_filme.mp3
quarto	bedroom	1000_quarto.mp3
vitória	victory	1000_vitória.mp3
jogar	to play	1000_jogar.mp3
versão	version	1000_versão.mp3
nomeadamente	namely	1000_nomeadamente.mp3
igualmente	equally	1000_igualmente.mp3
aparecer	to appear	1000_aparecer.mp3
parceiro	partner	1000_parceiro.mp3
comprar	to buy	1000_comprar.mp3
cor	color	1000_cor.mp3
concluir	to conclude	1000_concluir.mp3
concurso	competition	1000_concurso.mp3
partida	departure	1000_partida.mp3
bilhão	billion	1000_bilhão.mp3
via	way	1000_via.mp3
competência	competence	1000_competência.mp3
acima	above	1000_acima.mp3
animal	animal	1000_animal.mp3
grave	serious	1000_grave.mp3
crédito	credit	1000_crédito.mp3
ao	to	1000_ao.mp3
secretário	secretary	1000_secretário.mp3
quadro	painting	1000_quadro.mp3
vender	to sell	1000_vender.mp3
perceber	to notice	1000_perceber.mp3
exercício	exercise	1000_exercício.mp3
diverso	diverse	1000_diverso.mp3
livre	free	1000_livre.mp3
procedimento	procedure	1000_procedimento.mp3
notícia	news	1000_notícia.mp3
federal	federal	1000_federal.mp3
especialista	specialist	1000_especialista.mp3
dedicar	to dedicate	1000_dedicar.mp3
atuar	to act	1000_atuar.mp3
assunto	subject	1000_assunto.mp3
António	Antonio	1000_António.mp3
vacina	vaccine	1000_vacina.mp3
queda	a fall	1000_queda.mp3
dimensão	dimension	1000_dimensão.mp3
ciclo	cycle	1000_ciclo.mp3
online	online	1000_online.mp3
freguesia	parish	1000_freguesia.mp3
andar	to walk	1000_andar.mp3
participante	participant	1000_participante.mp3
relacionar	to relate	1000_relacionar.mp3
funcionamento	functioning	1000_funcionamento.mp3
doente	sick	1000_doente.mp3
funcionário	employee	1000_funcionário.mp3
administração	administration	1000_administração.mp3
ferramenta	tool	1000_ferramenta.mp3
sala	living room	1000_sala.mp3
espécie	species	1000_espécie.mp3
ajuda	help	1000_ajuda.mp3
esforço	effort	1000_esforço.mp3
resolver	to solve	1000_resolver.mp3
receita	recipe	1000_receita.mp3
passo	step	1000_passo.mp3
povo	people	1000_povo.mp3
percurso	route	1000_percurso.mp3
time	a team	1000_time.mp3
agência	agency	1000_agência.mp3
Costa	coast	1000_Costa.mp3
candidatura	candidacy	1000_candidatura.mp3
capaz	capable	1000_capaz.mp3
correr	to run	1000_correr.mp3
contrário	contrary	1000_contrário.mp3
agente	agent	1000_agente.mp3
relatório	report	1000_relatório.mp3
significar	to mean	1000_significar.mp3
ler	to read	1000_ler.mp3
combate	combat	1000_combate.mp3
Luís	Luis	1000_Luís.mp3
polícia	police	1000_polícia.mp3
aí	there	1000_aí.mp3
mundial	worldwide	1000_mundial.mp3
sinal	signal	1000_sinal.mp3
visitar	to visit	1000_visitar.mp3
conforme	according	1000_conforme.mp3
evolução	evolution	1000_evolução.mp3
perto	close	1000_perto.mp3
excelente	excellent	1000_excelente.mp3
sete	seven	1000_sete.mp3
máscara	mask	1000_máscara.mp3
nascer	born	1000_nascer.mp3
declaração	declaration	1000_declaração.mp3
destinar	to destine	1000_destinar.mp3
câmara	chamber	1000_câmara.mp3
enfrentar	to face	1000_enfrentar.mp3
ocupar	to occupy	1000_ocupar.mp3
estadual	state	1000_estadual.mp3
reunir	to gather	1000_reunir.mp3
formar	to form	1000_formar.mp3
dez	ten	1000_dez.mp3
valer	worth	1000_valer.mp3
óbito	a death	1000_óbito.mp3
cenário	scenario	1000_cenário.mp3
descobrir	to discover	1000_descobrir.mp3
diferença	difference	1000_diferença.mp3
buscar	fetch	1000_buscar.mp3
executivo	executive	1000_executivo.mp3
vaga	vacancy	1000_vaga.mp3
opinião	opinion	1000_opinião.mp3
verificar	check	1000_verificar.mp3
justiça	justice	1000_justiça.mp3
alguém	someone	1000_alguém.mp3
natureza	nature	1000_natureza.mp3
relativo	relative	1000_relativo.mp3
solicitar	to request	1000_solicitar.mp3
provocar	provoke	1000_provocar.mp3
China	China	1000_China.mp3
aula	class	1000_aula.mp3
visar	to aim	1000_visar.mp3
aceitar	to accept	1000_aceitar.mp3
ambos	both	1000_ambos.mp3
limite	limit	1000_limite.mp3
recuperar	to recover	1000_recuperar.mp3
vigor	vigor	1000_vigor.mp3
subir	go up	1000_subir.mp3
actual	current	1000_actual.mp3
aproveitar	enjoy	1000_aproveitar.mp3
alcançar	reach	1000_alcançar.mp3
ar	air	1000_ar.mp3
jornal	newspaper	1000_jornal.mp3
tradicional	traditional	1000_tradicional.mp3
festa	party	1000_festa.mp3
propor	to propose	1000_propor.mp3
década	decade	1000_década.mp3
adquirir	to purchase	1000_adquirir.mp3
associar	to associate	1000_associar.mp3
principalmente	mainly	1000_principalmente.mp3
enorme	huge	1000_enorme.mp3
mal	bad	1000_mal.mp3
relativamente	relatively	1000_relativamente.mp3
permanecer	to stay	1000_permanecer.mp3
depender	to depend	1000_depender.mp3
característica	characteristic	1000_característica.mp3
adotar	to adopt	1000_adotar.mp3
matéria	matter	1000_matéria.mp3
assinar	to sign	1000_assinar.mp3
indústria	industry	1000_indústria.mp3
entrega	delivery	1000_entrega.mp3
luz	light	1000_luz.mp3
restante	remaining	1000_restante.mp3
amor	love	1000_amor.mp3
média	average	1000_média.mp3
saída	exit	1000_saída.mp3
Algarve	Algarve	1000_Algarve.mp3
econômico	economic	1000_econômico.mp3
loja	store	1000_loja.mp3
estabelecimento	establishment	1000_estabelecimento.mp3
resultar	to result	1000_resultar.mp3
respeitar	to respect	1000_respeitar.mp3
motivo	reason	1000_motivo.mp3
memória	memory	1000_memória.mp3
Espanha	Spain	1000_Espanha.mp3
escolha	choice	1000_escolha.mp3
portanto	therefore	1000_portanto.mp3
aprender	to learn	1000_aprender.mp3
consumidor	consumer	1000_consumidor.mp3
efectuar	carry out	1000_efectuar.mp3
central	central	1000_central.mp3
missão	mission	1000_missão.mp3
adequado	adequate	1000_adequado.mp3
oito	eight	1000_oito.mp3
talvez	perhaps	1000_talvez.mp3
norma	norm	1000_norma.mp3
promoção	promotion	1000_promoção.mp3
proteção	protection	1000_proteção.mp3
orientação	orientation	1000_orientação.mp3
manutenção	maintenance	1000_manutenção.mp3
canal	channel	1000_canal.mp3
compor	to compose	1000_compor.mp3
alterar	to change	1000_alterar.mp3
automóvel	automobile	1000_automóvel.mp3
vontade	will	1000_vontade.mp3
comportamento	behavior	1000_comportamento.mp3
Jesus	Jesus	1000_Jesus.mp3
pena	sadness	1000_pena.mp3
mar	sea	1000_mar.mp3
declarar	to declare	1000_declarar.mp3
elas	they	1000_elas.mp3
aquilo	that	1000_aquilo.mp3
Francisco	Francisco	1000_Francisco.mp3
exterior	outside	1000_exterior.mp3
protocolo	protocol	1000_protocolo.mp3
conselho	advice	1000_conselho.mp3
comércio	trade	1000_comércio.mp3
completo	complete	1000_completo.mp3
carreira	career	1000_carreira.mp3
comunicar	to communicate	1000_comunicar.mp3
debate	debate	1000_debate.mp3
proporcionar	to provide	1000_proporcionar.mp3
sede	thirst	1000_sede.mp3
expectativa	expectation	1000_expectativa.mp3
abertura	opening	1000_abertura.mp3
benefício	benefit	1000_benefício.mp3
despesa	expense	1000_despesa.mp3
interno	internal	1000_interno.mp3
imprensa	the press	1000_imprensa.mp3
financiamento	financing	1000_financiamento.mp3
observar	to observe	1000_observar.mp3
obrigatório	mandatory	1000_obrigatório.mp3
civil	civil	1000_civil.mp3
ciência	science	1000_ciência.mp3
existente	existing	1000_existente.mp3
servidor	server	1000_servidor.mp3
revista	magazine	1000_revista.mp3
mau	bad	1000_mau.mp3
consequência	consequence	1000_consequência.mp3
preocupação	worry	1000_preocupação.mp3
atribuir	to assign	1000_atribuir.mp3
posto	post	1000_posto.mp3
localizar	to locate	1000_localizar.mp3
fornecer	to provide	1000_fornecer.mp3
branco	white	1000_branco.mp3
contato	contact	1000_contato.mp3
conferência	conference	1000_conferência.mp3
prisão	prison	1000_prisão.mp3
horário	time	1000_horário.mp3
melhoria	improvement	1000_melhoria.mp3
advogado	lawyer	1000_advogado.mp3
tirar	take away	1000_tirar.mp3
eleitoral	electoral	1000_eleitoral.mp3
diretor	director	1000_diretor.mp3
empresário	businessman, entrepreneur	1000_empresário.mp3
artista	artist	1000_artista.mp3
luta	fight	1000_luta.mp3
procura	search	1000_procura.mp3
atleta	athlete	1000_atleta.mp3
ativo	active	1000_ativo.mp3
liberdade	freedom	1000_liberdade.mp3
publicação	publication	1000_publicação.mp3
conceito	concept	1000_conceito.mp3
individual	individual	1000_individual.mp3
confiança	confidence	1000_confiança.mp3
respectivo	respective	1000_respectivo.mp3
jornalista	journalist	1000_jornalista.mp3
igual	equal	1000_igual.mp3
vereador	councilor	1000_vereador.mp3
destaque	featured	1000_destaque.mp3
dívida	debt	1000_dívida.mp3
busca	searching	1000_busca.mp3
negativo	negative	1000_negativo.mp3
ataque	attack	1000_ataque.mp3
imediato	immediate	1000_imediato.mp3
idoso	elderly	1000_idoso.mp3
expressão	expression	1000_expressão.mp3
competição	competition	1000_competição.mp3
acidente	accident	1000_acidente.mp3
salário	salary	1000_salário.mp3
Madeira	wood	1000_Madeira.mp3
verdadeiro	true	1000_verdadeiro.mp3
normal	normal	1000_normal.mp3
prender	arrest	1000_prender.mp3
estudar	to study	1000_estudar.mp3
Oliveira	olive tree	1000_Oliveira.mp3
instalar	to install	1000_instalar.mp3
Aveiro	Aveiro	1000_Aveiro.mp3
consulta	consultation	1000_consulta.mp3
orçamento	budget	1000_orçamento.mp3
demais	too much	1000_demais.mp3
temporada	season	1000_temporada.mp3
sequência	sequence	1000_sequência.mp3
vantagem	advantage	1000_vantagem.mp3
matar	to kill	1000_matar.mp3
dirigir	to drive	1000_dirigir.mp3
demonstrar	to demonstrate	1000_demonstrar.mp3
geração	generation	1000_geração.mp3
favor	please	1000_favor.mp3
dispor	to dispose	1000_dispor.mp3
atualmente	currently	1000_atualmente.mp3
universidade	university	1000_universidade.mp3
investir	to invest	1000_investir.mp3
aquisição	acquisition	1000_aquisição.mp3
erro	error	1000_erro.mp3
distribuição	distribution	1000_distribuição.mp3
abordar	to address	1000_abordar.mp3
guerra	war	1000_guerra.mp3
tendência	trend	1000_tendência.mp3
Janeiro	January	1000_janeiro.mp3
superior	higher	1000_superior.mp3
companhia	company	1000_companhia.mp3
exame	examination	1000_exame.mp3
